experiment,axiom,log,model,metric,score,time_s,status,max_trace_length,alphabet_size,num_cases,num_log_variants,num_model_variants,num_fitting_variants,num_extra_model_variants,num_missing_log_variants,playout_time_s,numerator_mass,denominator_mass
axiom2_clean_two_models,A2,axiom2_log,M1_exact_log_language,LMP_geometric_lambda_0.3,1.0,1.693500053079333e-05,ok,10,8,7,3,3,3,0,0,0.0008043779998843,1.4381343841552733e-06,1.4381343841552733e-06
axiom2_clean_two_models,A2,axiom2_log,M2_larger_language,LMP_geometric_lambda_0.3,0.4911238178247514,3.154099977109581e-05,ok,10,8,7,3,8,3,5,0,0.002306321001015,1.4381343841552733e-06,2.928252167701721e-06
axiom2_clean_two_models,A2,axiom2_log,M1_exact_log_language,LMP_geometric_lambda_0.5,1.0,1.836400042520836e-05,ok,10,8,7,3,3,3,0,0,0.0007459170010406,8.13603401184082e-06,8.13603401184082e-06
axiom2_clean_two_models,A2,axiom2_log,M2_larger_language,LMP_geometric_lambda_0.5,0.4857111086400534,1.945799886016175e-05,ok,10,8,7,3,8,3,5,0,0.0036492540002655,8.13603401184082e-06,1.6750767827033997e-05
axiom2_clean_two_models,A2,axiom2_log,M1_exact_log_language,LMP_geometric_lambda_0.7,1.0,1.7462998584960587e-05,ok,10,8,7,3,3,3,0,0,0.0005917329999647,1.925881462097168e-05,1.925881462097168e-05
axiom2_clean_two_models,A2,axiom2_log,M2_larger_language,LMP_geometric_lambda_0.7,0.4806516124442067,1.794600029825233e-05,ok,10,8,7,3,8,3,5,0,0.0034615370004758,1.925881462097168e-05,4.0068136925697326e-05
axiom2_clean_two_models,A2,axiom2_log,M1_exact_log_language,LMP_geometric_lambda_0.85,1.0,3.346699850226287e-05,ok,10,8,7,3,3,3,0,0,0.0007495120007661,2.1363368234038356e-05,2.1363368234038356e-05
axiom2_clean_two_models,A2,axiom2_log,M2_larger_language,LMP_geometric_lambda_0.85,0.4770654861342785,3.0732000595889986e-05,ok,10,8,7,3,8,3,5,0,0.0038843969996378,2.1363368234038356e-05,4.478078765904531e-05
axiom2_clean_two_models,A2,axiom2_log,M1_exact_log_language,LMP_geometric_lambda_0.95,1.0,4.909599920210894e-05,ok,10,8,7,3,3,3,0,0,0.0021791449999,1.1263606908917437e-05,1.1263606908917437e-05
axiom2_clean_two_models,A2,axiom2_log,M2_larger_language,LMP_geometric_lambda_0.95,0.4747656922812002,1.6042999050114304e-05,ok,10,8,7,3,8,3,5,0,0.0142760170001565,1.1263606908917437e-05,2.3724559487011298e-05
axiom2_clean_two_models,A2,axiom2_log,M1_exact_log_language,LMP_power_law_alpha_1.2,1.0,1.212600000144448e-05,ok,10,8,7,3,3,3,0,0,0.0010939219991996,7.030803820544066e-06,7.030803820544066e-06
axiom2_clean_two_models,A2,axiom2_log,M2_larger_language,LMP_power_law_alpha_1.2,0.4781456685378616,0.0004030179989058,ok,10,8,7,3,8,3,5,0,0.00406197600023,7.030803820544066e-06,1.4704313524461713e-05
axiom2_clean_two_models,A2,axiom2_log,M1_exact_log_language,LMP_power_law_alpha_1.5,1.0,1.706100010778755e-05,ok,10,8,7,3,3,3,0,0,0.001147791999756,9.232606573815194e-06,9.232606573815194e-06
axiom2_clean_two_models,A2,axiom2_log,M2_larger_language,LMP_power_law_alpha_1.5,0.479164531276791,1.1475000064820051e-05,ok,10,8,7,3,8,3,5,0,0.0050367959993309,9.232606573815194e-06,1.926813436965756e-05
axiom2_clean_two_models,A2,axiom2_log,M1_exact_log_language,LMP_power_law_alpha_2.0,1.0,1.0454999937792309e-05,ok,10,8,7,3,3,3,0,0,0.011004005000359,6.499462004918925e-06,6.499462004918925e-06
axiom2_clean_two_models,A2,axiom2_log,M2_larger_language,LMP_power_law_alpha_2.0,0.4807721242091982,3.155800004606135e-05,ok,10,8,7,3,8,3,5,0,0.010650367999915,6.499462004918925e-06,1.351879960929435e-05
axiom2_clean_two_models,A2,axiom2_log,M1_exact_log_language,LMP_power_law_alpha_3.0,1.0,9.770001270226205e-06,ok,10,8,7,3,3,3,0,0,0.0014422309996007,1.7516073030733853e-06,1.7516073030733853e-06
axiom2_clean_two_models,A2,axiom2_log,M2_larger_language,LMP_power_law_alpha_3.0,0.4836656020222893,1.397199957864359e-05,ok,10,8,7,3,8,3,5,0,0.0026924619996862,1.7516073030733853e-06,3.6215254832049512e-06
axiom2_clean_two_models,A2,axiom2_log,M1_exact_log_language,LMP_power_law_alpha_5.0,1.0,1.0044001101050526e-05,ok,10,8,7,3,3,3,0,0,0.0013538660004996,7.9346469412553e-08,7.9346469412553e-08
axiom2_clean_two_models,A2,axiom2_log,M2_larger_language,LMP_power_law_alpha_5.0,0.4883106268381005,5.056299960415345e-05,ok,10,8,7,3,8,3,5,0,0.0117693899992445,7.9346469412553e-08,1.6249179323893832e-07
axiom2_decoy_stress,A2,decoy_axiom2_log,M1_exact_language_with_decoys,LMP_geometric_lambda_0.3,1.0,3.17939993692562e-05,ok,8,7,12,2,2,2,0,0,0.0009058349987753,4.723032069970845e-06,4.723032069970845e-06
axiom2_decoy_stress,A2,decoy_axiom2_log,M2_clean_larger_language,LMP_geometric_lambda_0.3,0.9395973154362416,2.897199919971172e-05,ok,8,7,12,2,5,2,3,0,0.0021677310014638,4.723032069970845e-06,5.026655560183257e-06
axiom2_decoy_stress,A2,decoy_axiom2_log,M1_exact_language_with_decoys,LMP_geometric_lambda_0.5,1.0,1.4924000424798578e-05,ok,8,7,12,2,2,2,0,0,0.0009298639997723,2.603082049146189e-05,2.603082049146189e-05
axiom2_decoy_stress,A2,decoy_axiom2_log,M2_clean_larger_language,LMP_geometric_lambda_0.5,0.9032258064516128,1.635000080568716e-05,ok,8,7,12,2,5,2,3,0,0.0013367459996516,2.603082049146189e-05,2.8819836972689956e-05
axiom2_decoy_stress,A2,decoy_axiom2_log,M1_exact_language_with_decoys,LMP_geometric_lambda_0.7,1.0,1.363299998047296e-05,ok,8,7,12,2,2,2,0,0,0.0010281659997417,6e-05,6e-05
axiom2_decoy_stress,A2,decoy_axiom2_log,M2_clean_larger_language,LMP_geometric_lambda_0.7,0.8695652173913043,1.919599890243262e-05,ok,8,7,12,2,5,2,3,0,0.0013202450008975,6e-05,6.9e-05
axiom2_decoy_stress,A2,decoy_axiom2_log,M1_exact_language_with_decoys,LMP_geometric_lambda_0.85,1.0,0.0002736690003075,ok,8,7,12,2,2,2,0,0,0.0011327560005156,6.522360474802166e-05,6.522360474802166e-05
axiom2_decoy_stress,A2,decoy_axiom2_log,M2_clean_larger_language,LMP_geometric_lambda_0.85,0.8459214501510575,1.7095999282901175e-05,ok,8,7,12,2,5,2,3,0,0.0015773280010762,6.522360474802166e-05,7.710361846998274e-05
axiom2_decoy_stress,A2,decoy_axiom2_log,M1_exact_language_with_decoys,LMP_geometric_lambda_0.95,1.0,1.4495000868919306e-05,ok,8,7,12,2,2,2,0,0,0.0008720359983271,3.392362557267807e-05,3.392362557267807e-05
axiom2_decoy_stress,A2,decoy_axiom2_log,M2_clean_larger_language,LMP_geometric_lambda_0.95,0.830860534124629,2.2496000383398496e-05,ok,8,7,12,2,5,2,3,0,0.001692092999292,3.392362557267807e-05,4.08295064928304e-05
axiom2_decoy_stress,A2,decoy_axiom2_log,M1_exact_language_with_decoys,LMP_power_law_alpha_1.2,1.0,1.2632999641937204e-05,ok,8,7,12,2,2,2,0,0,0.0008629690000816,2.1594298380632885e-05,2.1594298380632885e-05
axiom2_decoy_stress,A2,decoy_axiom2_log,M2_clean_larger_language,LMP_power_law_alpha_1.2,0.853113310827692,1.5867999536567368e-05,ok,8,7,12,2,5,2,3,0,0.0022883920009917,2.1594298380632885e-05,2.531234492132219e-05
axiom2_decoy_stress,A2,decoy_axiom2_log,M1_exact_language_with_decoys,LMP_power_law_alpha_1.5,1.0,9.57300107984338e-06,ok,8,7,12,2,2,2,0,0,0.0013064830000075,2.8519850994082408e-05,2.8519850994082408e-05
axiom2_decoy_stress,A2,decoy_axiom2_log,M2_clean_larger_language,LMP_power_law_alpha_1.5,0.8598358636149306,1.4288998499978334e-05,ok,8,7,12,2,5,2,3,0,0.0015131950003706,2.8519850994082408e-05,3.316894793638749e-05
axiom2_decoy_stress,A2,decoy_axiom2_log,M1_exact_language_with_decoys,LMP_power_law_alpha_2.0,1.0,8.772000001044944e-06,ok,8,7,12,2,2,2,0,0,0.0008678140002302,2.0255796813128752e-05,2.0255796813128752e-05
axiom2_decoy_stress,A2,decoy_axiom2_log,M2_clean_larger_language,LMP_power_law_alpha_2.0,0.8704663212435233,9.56899930315558e-06,ok,8,7,12,2,5,2,3,0,0.0014825689995632,2.0255796813128752e-05,2.3270052291272914e-05
axiom2_decoy_stress,A2,decoy_axiom2_log,M1_exact_language_with_decoys,LMP_power_law_alpha_3.0,1.0,7.841001206543297e-06,ok,8,7,12,2,2,2,0,0,0.0007958540008985,5.54373925918006e-06,5.54373925918006e-06
axiom2_decoy_stress,A2,decoy_axiom2_log,M2_clean_larger_language,LMP_power_law_alpha_3.0,0.8896734333627537,8.937000529840589e-06,ok,8,7,12,2,5,2,3,0,0.0009257900001102,5.54373925918006e-06,6.231206925249015e-06
axiom2_decoy_stress,A2,decoy_axiom2_log,M1_exact_language_with_decoys,LMP_power_law_alpha_5.0,1.0,1.5408000763272867e-05,ok,8,7,12,2,2,2,0,0,0.0010913440000877,2.5706284792783333e-07,2.5706284792783333e-07
axiom2_decoy_stress,A2,decoy_axiom2_log,M2_clean_larger_language,LMP_power_law_alpha_5.0,0.9207114403876894,8.483999408781528e-06,ok,8,7,12,2,5,2,3,0,0.0010883449995162,2.5706284792783333e-07,2.7920023218087786e-07
axiom4_complex_silent_routing,A4,axiom4_complex_log,M_direct_complex_choices,LMP_geometric_lambda_0.3,0.9473981371565052,2.262899943161756e-05,ok,7,8,12,6,12,6,6,0,0.014118872999461,2.8762687683105465e-06,3.035966248512268e-06
axiom4_complex_silent_routing,A4,axiom4_complex_log,M_silent_optional_routing,LMP_geometric_lambda_0.3,0.9473981371565052,6.394900083250832e-05,ok,7,8,12,6,12,6,6,0,0.0015337530003307,2.8762687683105465e-06,3.035966248512268e-06
axiom4_complex_silent_routing,A4,axiom4_complex_log,M_direct_complex_choices,LMP_geometric_lambda_0.5,0.9160113243158226,2.1420999473775737e-05,ok,7,8,12,6,12,6,6,0,0.0067798189993482,1.627206802368164e-05,1.7764046788215637e-05
axiom4_complex_silent_routing,A4,axiom4_complex_log,M_silent_optional_routing,LMP_geometric_lambda_0.5,0.9160113243158226,2.0423998648766428e-05,ok,7,8,12,6,12,6,6,0,0.0015290169994841,1.627206802368164e-05,1.7764046788215637e-05
axiom4_complex_silent_routing,A4,axiom4_complex_log,M_direct_complex_choices,LMP_geometric_lambda_0.7,0.887199046219887,3.314700006740168e-05,ok,7,8,12,6,12,6,6,0,0.0164193860000523,3.851762924194336e-05,4.341486773014068e-05
axiom4_complex_silent_routing,A4,axiom4_complex_log,M_silent_optional_routing,LMP_geometric_lambda_0.7,0.887199046219887,2.1625999579555355e-05,ok,7,8,12,6,12,6,6,0,0.0019554179998522,3.851762924194336e-05,4.341486773014068e-05
axiom4_complex_silent_routing,A4,axiom4_complex_log,M_direct_complex_choices,LMP_geometric_lambda_0.85,0.8671140484451745,2.314500125066843e-05,ok,7,8,12,6,12,6,6,0,0.0081432319984742,4.272673646807671e-05,4.927464448845014e-05
axiom4_complex_silent_routing,A4,axiom4_complex_log,M_silent_optional_routing,LMP_geometric_lambda_0.85,0.8671140484451745,4.178200106252916e-05,ok,7,8,12,6,12,6,6,0,0.0023729590011498,4.272673646807671e-05,4.927464448845014e-05
axiom4_complex_silent_routing,A4,axiom4_complex_log,M_direct_complex_choices,LMP_geometric_lambda_0.95,0.8543920358677614,3.248999928473495e-05,ok,7,8,12,6,12,6,6,0,0.005297020999933,2.252721381783487e-05,2.636636681070553e-05
axiom4_complex_silent_routing,A4,axiom4_complex_log,M_silent_optional_routing,LMP_geometric_lambda_0.95,0.8543920358677614,3.87780000892235e-05,ok,7,8,12,6,12,6,6,0,0.0023220210005092,2.252721381783487e-05,2.636636681070553e-05
axiom4_complex_silent_routing,A4,axiom4_complex_log,M_direct_complex_choices,LMP_power_law_alpha_1.2,0.8729721064129643,1.698600135568995e-05,ok,7,8,12,6,12,6,6,0,0.0133891860004951,1.4061607641088132e-05,1.610773991263841e-05
axiom4_complex_silent_routing,A4,axiom4_complex_log,M_silent_optional_routing,LMP_power_law_alpha_1.2,0.8729721064129643,1.7718999515636824e-05,ok,7,8,12,6,12,6,6,0,0.0029948240007797,1.4061607641088132e-05,1.610773991263841e-05
axiom4_complex_silent_routing,A4,axiom4_complex_log,M_direct_complex_choices,LMP_power_law_alpha_1.5,0.8786458975354035,1.733799945213832e-05,ok,7,8,12,6,12,6,6,0,0.0101261359995987,1.846521314763039e-05,2.101553447119619e-05
axiom4_complex_silent_routing,A4,axiom4_complex_log,M_silent_optional_routing,LMP_power_law_alpha_1.5,0.8786458975354035,2.0063000192749317e-05,ok,7,8,12,6,12,6,6,0,0.002399327000603,1.846521314763039e-05,2.101553447119619e-05
axiom4_complex_silent_routing,A4,axiom4_complex_log,M_direct_complex_choices,LMP_power_law_alpha_2.0,0.8876531794560508,1.7108999600168318e-05,ok,7,8,12,6,12,6,6,0,0.015156030000071,1.299892400983785e-05,1.4644147411045744e-05
axiom4_complex_silent_routing,A4,axiom4_complex_log,M_silent_optional_routing,LMP_power_law_alpha_2.0,0.8876531794560508,2.913999924203381e-05,ok,7,8,12,6,12,6,6,0,0.0022445169997808,1.299892400983785e-05,1.4644147411045744e-05
axiom4_complex_silent_routing,A4,axiom4_complex_log,M_direct_complex_choices,LMP_power_law_alpha_3.0,0.9040316055683486,1.6134999896166846e-05,ok,7,8,12,6,12,6,6,0,0.0090178000009473,3.503214606146771e-06,3.875101915208332e-06
axiom4_complex_silent_routing,A4,axiom4_complex_log,M_silent_optional_routing,LMP_power_law_alpha_3.0,0.9040316055683486,2.5953000658773817e-05,ok,7,8,12,6,12,6,6,0,0.0016878959995665,3.503214606146771e-06,3.875101915208332e-06
axiom4_complex_silent_routing,A4,axiom4_complex_log,M_direct_complex_choices,LMP_power_law_alpha_5.0,0.9307546862626512,3.9956999899004586e-05,ok,7,8,12,6,12,6,6,0,0.0121573510004964,1.5869293882510603e-07,1.7049921012197213e-07
axiom4_complex_silent_routing,A4,axiom4_complex_log,M_silent_optional_routing,LMP_power_law_alpha_5.0,0.9307546862626512,2.9000000722589903e-05,ok,7,8,12,6,12,6,6,0,0.0051799080010823,1.5869293882510603e-07,1.7049921012197213e-07
